"Time","Voltage"
10,2.7
20,0.92
30,0.000261
40,0.000119
50,0.000057
60,0.000033
70,0.000023
80,0.000017
90,0.0000145
100,0.0000123
110,0.0000107
